neighbours_threshold,points_threshold,coop_rate
1,1,0.24447222222222223
1,2,0.3250638888888889
1,3,0.3813986111111111
